order_id,date,item_name,item_type,item_price,quantity,transaction_amount,transaction_type,received_by,time_of_sale
1,07-03-2022,Aalopuri,Fastfood,20,13,260,,M,Night
2,8/23/2022,Vadapav,Fastfood,20,15,300,Cash,M,Afternoon
3,11/20/2022,Vadapav,Fastfood,20,1,20,Cash,M,Afternoon
4,02-03-2023,Sugarcane juice,Beverages,25,6,150,Online,M,Night
5,10-02-2022,Sugarcane juice,Beverages,25,8,200,Online,M,Evening
6,11/14/2022,Vadapav,Fastfood,20,10,200,Cash,M,Evening
7,05-03-2022,Sugarcane juice,Beverages,25,9,225,Cash,M,Evening
8,12/22/2022,Panipuri,Fastfood,20,14,280,Online,M,Night
9,06-10-2022,Panipuri,Fastfood,20,1,20,Cash,F,Morning
10,9/16/2022,Panipuri,Fastfood,20,5,100,Online,M,Afternoon
11,12-01-2022,Frankie,Fastfood,50,8,400,Online,F,Afternoon
12,07-12-2022,Vadapav,Fastfood,20,8,160,Online,F,Night
13,12/22/2022,Panipuri,Fastfood,20,9,180,Online,F,Afternoon
14,11/25/2022,Frankie,Fastfood,50,4,200,Online,M,Morning
15,02-03-2023,Aalopuri,Fastfood,20,3,60,Cash,F,Evening
16,4/14/2022,Sandwich,Fastfood,60,11,660,,F,Midnight
17,10/16/2022,Panipuri,Fastfood,20,11,220,Cash,F,Morning
18,11-05-2022,Panipuri,Fastfood,20,10,200,Cash,F,Night
19,8/22/2022,Panipuri,Fastfood,20,11,220,Cash,F,Night
20,9/15/2022,Cold coffee,Beverages,40,10,400,Online,M,Night
21,12/21/2022,Cold coffee,Beverages,40,15,600,Cash,M,Evening
22,10-04-2022,Sugarcane juice,Beverages,25,12,300,Online,M,Evening
23,5/26/2022,Sandwich,Fastfood,60,3,180,Online,M,Midnight
24,02-11-2023,Sugarcane juice,Beverages,25,10,250,Online,M,Afternoon
25,8/31/2022,Sandwich,Fastfood,60,1,60,Online,F,Evening
26,8/18/2022,Sugarcane juice,Beverages,25,4,100,Cash,M,Afternoon
27,10-12-2022,Cold coffee,Beverages,40,11,440,Online,F,Afternoon
28,01-06-2023,Cold coffee,Beverages,40,10,400,Online,F,Afternoon
29,02-10-2023,Sugarcane juice,Beverages,25,9,225,Online,M,Afternoon
30,1/28/2023,Frankie,Fastfood,50,2,100,Cash,F,Night
31,9/14/2022,Cold coffee,Beverages,40,13,520,Online,F,Evening
32,05-06-2022,Aalopuri,Fastfood,20,4,80,,M,Morning
33,02-05-2023,Aalopuri,Fastfood,20,13,260,Online,M,Night
34,02-04-2023,Frankie,Fastfood,50,12,600,Online,F,Evening
35,5/22/2022,Vadapav,Fastfood,20,8,160,Cash,M,Morning
36,07-02-2022,Cold coffee,Beverages,40,10,400,Online,M,Afternoon
37,01-05-2023,Frankie,Fastfood,50,10,500,Cash,M,Night
38,03-08-2023,Panipuri,Fastfood,20,12,240,Online,F,Night
39,5/14/2022,Vadapav,Fastfood,20,2,40,Online,M,Evening
40,02-05-2023,Sandwich,Fastfood,60,5,300,Online,F,Night
41,11/13/2022,Cold coffee,Beverages,40,11,440,,M,Afternoon
42,05-09-2022,Aalopuri,Fastfood,20,8,160,Online,F,Night
43,5/26/2022,Vadapav,Fastfood,20,1,20,Cash,M,Night
44,8/28/2022,Cold coffee,Beverages,40,12,480,Cash,M,Evening
45,8/15/2022,Sugarcane juice,Beverages,25,6,150,Cash,F,Afternoon
46,05-07-2022,Vadapav,Fastfood,20,7,140,Cash,M,Evening
47,07-10-2022,Sandwich,Fastfood,60,7,420,,M,Morning
48,2/23/2023,Sandwich,Fastfood,60,14,840,Online,M,Afternoon
49,11-06-2022,Frankie,Fastfood,50,4,200,Online,F,Morning
50,11-02-2022,Vadapav,Fastfood,20,8,160,Cash,F,Midnight
51,5/16/2022,Frankie,Fastfood,50,15,750,Online,F,Morning
52,3/16/2023,Sugarcane juice,Beverages,25,12,300,Cash,F,Midnight
53,7/26/2022,Aalopuri,Fastfood,20,13,260,Cash,M,Afternoon
54,12/28/2022,Panipuri,Fastfood,20,14,280,Online,F,Morning
55,05-07-2022,Sandwich,Fastfood,60,10,600,Cash,M,Night
56,11/23/2022,Panipuri,Fastfood,20,11,220,Cash,F,Midnight
57,08-04-2022,Panipuri,Fastfood,20,14,280,Online,F,Morning
58,02-03-2023,Vadapav,Fastfood,20,6,120,Online,F,Morning
59,07-01-2022,Vadapav,Fastfood,20,5,100,Cash,M,Morning
60,06-11-2022,Cold coffee,Beverages,40,2,80,Online,M,Night
61,12/25/2022,Vadapav,Fastfood,20,14,280,Cash,F,Afternoon
62,10/17/2022,Sugarcane juice,Beverages,25,3,75,Cash,M,Afternoon
63,12-01-2022,Sandwich,Fastfood,60,7,420,Online,F,Morning
64,12-09-2022,Cold coffee,Beverages,40,1,40,Cash,M,Morning
65,7/25/2022,Aalopuri,Fastfood,20,4,80,Cash,M,Morning
66,04-05-2022,Frankie,Fastfood,50,2,100,Cash,F,Morning
67,5/15/2022,Aalopuri,Fastfood,20,9,180,Cash,M,Midnight
68,12/17/2022,Cold coffee,Beverages,40,2,80,,M,Night
69,01-10-2023,Vadapav,Fastfood,20,7,140,Cash,M,Midnight
70,05-09-2022,Cold coffee,Beverages,40,14,560,,F,Morning
71,12-05-2022,Cold coffee,Beverages,40,6,240,Online,M,Night
72,03-09-2023,Frankie,Fastfood,50,13,650,Online,M,Afternoon
73,7/29/2022,Panipuri,Fastfood,20,5,100,Cash,M,Midnight
74,8/15/2022,Cold coffee,Beverages,40,10,400,Online,F,Evening
75,02-02-2023,Cold coffee,Beverages,40,6,240,Online,F,Afternoon
76,8/17/2022,Vadapav,Fastfood,20,9,180,Online,M,Morning
77,02-04-2023,Sugarcane juice,Beverages,25,12,300,Cash,F,Midnight
78,10-01-2022,Vadapav,Fastfood,20,4,80,Cash,F,Evening
79,11-05-2022,Panipuri,Fastfood,20,6,120,Online,M,Night
80,5/24/2022,Frankie,Fastfood,50,13,650,Cash,M,Evening
81,11/19/2022,Frankie,Fastfood,50,12,600,Online,F,Night
82,7/17/2022,Frankie,Fastfood,50,3,150,Online,F,Evening
83,11/13/2022,Frankie,Fastfood,50,11,550,,M,Evening
84,03-03-2023,Panipuri,Fastfood,20,13,260,Cash,M,Midnight
85,8/19/2022,Aalopuri,Fastfood,20,3,60,Online,F,Night
86,03-09-2023,Aalopuri,Fastfood,20,15,300,Cash,M,Morning
87,5/29/2022,Aalopuri,Fastfood,20,8,160,Cash,M,Night
88,07-07-2022,Cold coffee,Beverages,40,10,400,Cash,M,Evening
89,12/23/2022,Aalopuri,Fastfood,20,14,280,Cash,M,Evening
90,10/29/2022,Vadapav,Fastfood,20,15,300,Online,M,Night
91,3/22/2023,Cold coffee,Beverages,40,6,240,,F,Evening
92,5/13/2022,Aalopuri,Fastfood,20,15,300,Cash,M,Afternoon
93,07-03-2022,Cold coffee,Beverages,40,2,80,Online,F,Midnight
94,9/14/2022,Aalopuri,Fastfood,20,15,300,,F,Night
95,05-12-2022,Sugarcane juice,Beverages,25,8,200,Online,M,Night
96,8/22/2022,Sandwich,Fastfood,60,15,900,,M,Morning
97,3/29/2023,Cold coffee,Beverages,40,13,520,Online,M,Evening
98,12/24/2022,Vadapav,Fastfood,20,1,20,Online,M,Morning
99,09-11-2022,Sugarcane juice,Beverages,25,3,75,Cash,M,Evening
100,05-08-2022,Panipuri,Fastfood,20,11,220,,M,Morning
101,3/26/2023,Vadapav,Fastfood,20,3,60,Online,F,Morning
102,3/13/2023,Cold coffee,Beverages,40,14,560,Cash,M,Morning
103,3/14/2023,Cold coffee,Beverages,40,8,320,Online,F,Midnight
104,10/27/2022,Cold coffee,Beverages,40,13,520,Online,M,Morning
105,1/25/2023,Panipuri,Fastfood,20,8,160,Cash,F,Evening
106,2/25/2023,Frankie,Fastfood,50,9,450,Cash,F,Evening
107,02-07-2023,Sandwich,Fastfood,60,4,240,Online,M,Afternoon
108,08-06-2022,Panipuri,Fastfood,20,5,100,Online,M,Afternoon
109,08-08-2022,Cold coffee,Beverages,40,12,480,,M,Afternoon
110,11/16/2022,Panipuri,Fastfood,20,2,40,Online,F,Morning
111,09-04-2022,Sandwich,Fastfood,60,8,480,Cash,F,Midnight
112,2/24/2023,Sandwich,Fastfood,60,7,420,Cash,M,Morning
113,12-12-2022,Aalopuri,Fastfood,20,8,160,Cash,M,Afternoon
114,8/14/2022,Aalopuri,Fastfood,20,10,200,Online,M,Afternoon
115,01-12-2023,Aalopuri,Fastfood,20,13,260,,M,Evening
116,8/26/2022,Sugarcane juice,Beverages,25,13,325,Cash,M,Evening
117,03-09-2023,Frankie,Fastfood,50,7,350,Online,F,Evening
118,07-06-2022,Sandwich,Fastfood,60,1,60,Online,M,Midnight
119,05-12-2022,Panipuri,Fastfood,20,10,200,Cash,M,Evening
120,07-10-2022,Frankie,Fastfood,50,2,100,Cash,F,Evening
121,8/26/2022,Cold coffee,Beverages,40,8,320,Cash,M,Afternoon
122,4/24/2022,Panipuri,Fastfood,20,3,60,,F,Night
123,06-09-2022,Cold coffee,Beverages,40,6,240,Online,M,Evening
124,10/14/2022,Sugarcane juice,Beverages,25,13,325,,F,Evening
125,04-10-2022,Vadapav,Fastfood,20,7,140,Cash,F,Midnight
126,04-08-2022,Panipuri,Fastfood,20,11,220,Online,F,Night
127,12-03-2022,Aalopuri,Fastfood,20,1,20,,F,Morning
128,08-07-2022,Vadapav,Fastfood,20,11,220,Online,M,Midnight
129,10/19/2022,Panipuri,Fastfood,20,13,260,Cash,F,Morning
130,12/28/2022,Sugarcane juice,Beverages,25,7,175,Cash,M,Night
131,1/19/2023,Sandwich,Fastfood,60,8,480,Cash,M,Night
132,12-05-2022,Vadapav,Fastfood,20,4,80,Online,F,Night
133,12/20/2022,Aalopuri,Fastfood,20,5,100,Online,M,Midnight
134,7/17/2022,Aalopuri,Fastfood,20,12,240,Online,F,Night
135,1/14/2023,Aalopuri,Fastfood,20,8,160,Online,M,Midnight
136,8/24/2022,Aalopuri,Fastfood,20,15,300,Online,M,Morning
137,3/19/2023,Sugarcane juice,Beverages,25,6,150,,M,Afternoon
138,09-01-2022,Sandwich,Fastfood,60,15,900,Online,M,Night
139,2/26/2023,Frankie,Fastfood,50,11,550,Online,F,Night
140,06-12-2022,Frankie,Fastfood,50,13,650,Cash,M,Night
141,6/15/2022,Aalopuri,Fastfood,20,4,80,,M,Evening
142,12/30/2022,Sugarcane juice,Beverages,25,12,300,Cash,F,Morning
143,9/18/2022,Frankie,Fastfood,50,8,400,,F,Afternoon
144,11/17/2022,Panipuri,Fastfood,20,10,200,Cash,F,Evening
145,10-09-2022,Sandwich,Fastfood,60,14,840,Online,M,Morning
146,10/28/2022,Frankie,Fastfood,50,4,200,,F,Afternoon
147,5/17/2022,Panipuri,Fastfood,20,7,140,Online,M,Evening
148,3/19/2023,Sandwich,Fastfood,60,13,780,Online,M,Evening
149,08-09-2022,Sandwich,Fastfood,60,7,420,Online,M,Morning
150,1/30/2023,Cold coffee,Beverages,40,14,560,Cash,M,Afternoon
151,07-10-2022,Frankie,Fastfood,50,13,650,Online,F,Morning
152,10/24/2022,Cold coffee,Beverages,40,9,360,Online,M,Afternoon
153,7/21/2022,Panipuri,Fastfood,20,1,20,Cash,F,Evening
154,12/13/2022,Vadapav,Fastfood,20,3,60,Cash,M,Night
155,02-07-2023,Sugarcane juice,Beverages,25,10,250,Cash,F,Evening
156,3/25/2023,Panipuri,Fastfood,20,14,280,Cash,M,Midnight
157,2/24/2023,Frankie,Fastfood,50,7,350,Online,F,Midnight
158,5/16/2022,Aalopuri,Fastfood,20,2,40,,M,Midnight
159,10-03-2022,Sugarcane juice,Beverages,25,1,25,Online,F,Afternoon
160,7/23/2022,Vadapav,Fastfood,20,10,200,Online,M,Night
161,1/19/2023,Sugarcane juice,Beverages,25,12,300,Cash,M,Evening
162,05-07-2022,Aalopuri,Fastfood,20,11,220,Cash,M,Midnight
163,01-06-2023,Frankie,Fastfood,50,6,300,Online,F,Midnight
164,08-10-2022,Sugarcane juice,Beverages,25,7,175,Online,M,Afternoon
165,01-05-2023,Sandwich,Fastfood,60,11,660,Cash,M,Midnight
166,06-01-2022,Panipuri,Fastfood,20,6,120,Cash,F,Evening
167,2/23/2023,Cold coffee,Beverages,40,6,240,Cash,F,Morning
168,4/19/2022,Sandwich,Fastfood,60,4,240,Cash,F,Midnight
169,6/20/2022,Vadapav,Fastfood,20,6,120,Cash,M,Morning
170,2/13/2023,Aalopuri,Fastfood,20,6,120,,F,Afternoon
171,03-02-2023,Vadapav,Fastfood,20,11,220,Cash,F,Midnight
172,8/27/2022,Sugarcane juice,Beverages,25,6,150,Online,F,Night
173,1/20/2023,Cold coffee,Beverages,40,2,80,Online,M,Night
174,09-03-2022,Aalopuri,Fastfood,20,2,40,Online,M,Evening
175,10/17/2022,Frankie,Fastfood,50,12,600,Cash,F,Afternoon
176,08-04-2022,Panipuri,Fastfood,20,1,20,Cash,F,Midnight
177,7/21/2022,Panipuri,Fastfood,20,11,220,Online,F,Morning
178,12-09-2022,Aalopuri,Fastfood,20,2,40,Cash,F,Morning
179,03-03-2023,Sugarcane juice,Beverages,25,5,125,,F,Midnight
180,12-01-2022,Vadapav,Fastfood,20,6,120,Online,F,Afternoon
181,06-09-2022,Cold coffee,Beverages,40,7,280,Cash,F,Night
182,07-02-2022,Cold coffee,Beverages,40,1,40,Cash,M,Midnight
183,07-10-2022,Sugarcane juice,Beverages,25,5,125,Cash,F,Midnight
184,01-03-2023,Cold coffee,Beverages,40,8,320,Cash,M,Night
185,1/13/2023,Sugarcane juice,Beverages,25,15,375,,M,Night
186,3/15/2023,Frankie,Fastfood,50,2,100,Online,M,Afternoon
187,10-11-2022,Aalopuri,Fastfood,20,15,300,Cash,F,Morning
188,12/28/2022,Panipuri,Fastfood,20,14,280,Cash,F,Night
189,02-08-2023,Vadapav,Fastfood,20,12,240,Online,M,Afternoon
190,4/26/2022,Cold coffee,Beverages,40,1,40,Online,M,Evening
191,5/20/2022,Sugarcane juice,Beverages,25,14,350,Cash,F,Morning
192,10/26/2022,Vadapav,Fastfood,20,2,40,Online,M,Night
193,02-05-2023,Cold coffee,Beverages,40,15,600,Online,F,Midnight
194,12/15/2022,Vadapav,Fastfood,20,4,80,Cash,F,Morning
195,4/23/2022,Sandwich,Fastfood,60,4,240,Cash,F,Night
196,6/25/2022,Sandwich,Fastfood,60,3,180,Cash,M,Evening
197,11-08-2022,Panipuri,Fastfood,20,10,200,Cash,F,Midnight
198,01-05-2023,Frankie,Fastfood,50,15,750,Cash,M,Morning
199,02-01-2023,Frankie,Fastfood,50,6,300,Online,F,Morning
200,12/25/2022,Cold coffee,Beverages,40,10,400,Cash,F,Morning
201,6/30/2022,Panipuri,Fastfood,20,8,160,Cash,M,Morning
202,9/21/2022,Aalopuri,Fastfood,20,9,180,Cash,M,Afternoon
203,04-11-2022,Vadapav,Fastfood,20,6,120,Online,F,Midnight
204,10/24/2022,Cold coffee,Beverages,40,7,280,Cash,F,Evening
205,10/17/2022,Vadapav,Fastfood,20,4,80,,M,Afternoon
206,7/27/2022,Aalopuri,Fastfood,20,4,80,Cash,M,Night
207,2/20/2023,Cold coffee,Beverages,40,8,320,Online,F,Evening
208,8/26/2022,Cold coffee,Beverages,40,13,520,Cash,F,Midnight
209,12-04-2022,Aalopuri,Fastfood,20,2,40,Cash,M,Night
210,01-02-2023,Sugarcane juice,Beverages,25,15,375,,M,Night
211,4/18/2022,Aalopuri,Fastfood,20,12,240,Cash,M,Morning
212,05-05-2022,Cold coffee,Beverages,40,12,480,Online,F,Morning
213,9/29/2022,Vadapav,Fastfood,20,3,60,,F,Midnight
214,12-03-2022,Sugarcane juice,Beverages,25,14,350,Online,M,Evening
215,12-10-2022,Sugarcane juice,Beverages,25,7,175,,F,Morning
216,03-07-2023,Panipuri,Fastfood,20,9,180,Cash,F,Afternoon
217,3/23/2023,Cold coffee,Beverages,40,10,400,Cash,M,Morning
218,12/23/2022,Cold coffee,Beverages,40,13,520,Online,F,Midnight
219,10-01-2022,Aalopuri,Fastfood,20,9,180,Cash,F,Evening
220,5/13/2022,Sugarcane juice,Beverages,25,1,25,Cash,M,Afternoon
221,3/26/2023,Sandwich,Fastfood,60,1,60,Online,M,Evening
222,09-11-2022,Sandwich,Fastfood,60,6,360,Cash,F,Morning
223,9/21/2022,Panipuri,Fastfood,20,13,260,Online,M,Night
224,3/23/2023,Sugarcane juice,Beverages,25,14,350,Cash,M,Afternoon
225,3/16/2023,Frankie,Fastfood,50,11,550,Cash,F,Evening
226,12-12-2022,Aalopuri,Fastfood,20,13,260,Online,F,Afternoon
227,11/17/2022,Cold coffee,Beverages,40,5,200,Cash,F,Afternoon
228,11-05-2022,Panipuri,Fastfood,20,8,160,Online,M,Night
229,12/15/2022,Panipuri,Fastfood,20,7,140,,M,Evening
230,4/16/2022,Frankie,Fastfood,50,6,300,Online,M,Afternoon
231,4/16/2022,Sugarcane juice,Beverages,25,3,75,,M,Night
232,4/23/2022,Vadapav,Fastfood,20,13,260,Cash,F,Night
233,7/31/2022,Panipuri,Fastfood,20,5,100,Cash,M,Morning
234,7/27/2022,Panipuri,Fastfood,20,10,200,Cash,M,Midnight
235,11/29/2022,Sandwich,Fastfood,60,10,600,Cash,F,Afternoon
236,6/26/2022,Vadapav,Fastfood,20,12,240,,F,Evening
237,11-08-2022,Panipuri,Fastfood,20,13,260,Cash,F,Midnight
238,4/26/2022,Vadapav,Fastfood,20,13,260,Cash,M,Morning
239,12-04-2022,Frankie,Fastfood,50,4,200,Online,M,Evening
240,12-11-2022,Sandwich,Fastfood,60,10,600,Cash,F,Morning
241,06-06-2022,Sugarcane juice,Beverages,25,2,50,Cash,M,Afternoon
242,12/23/2022,Cold coffee,Beverages,40,4,160,Online,F,Midnight
243,11-12-2022,Panipuri,Fastfood,20,5,100,Cash,F,Midnight
244,11/22/2022,Sandwich,Fastfood,60,10,600,Online,F,Midnight
245,10-03-2022,Vadapav,Fastfood,20,2,40,Cash,F,Morning
246,11/16/2022,Vadapav,Fastfood,20,10,200,Cash,M,Afternoon
247,10-03-2022,Sugarcane juice,Beverages,25,6,150,,M,Midnight
248,4/17/2022,Frankie,Fastfood,50,5,250,Online,F,Midnight
249,10/26/2022,Sugarcane juice,Beverages,25,3,75,Online,F,Afternoon
250,11/15/2022,Sugarcane juice,Beverages,25,6,150,Online,F,Midnight
251,12/21/2022,Cold coffee,Beverages,40,13,520,,F,Afternoon
252,3/26/2023,Vadapav,Fastfood,20,8,160,Online,M,Midnight
253,6/18/2022,Sugarcane juice,Beverages,25,13,325,Online,M,Afternoon
254,10-09-2022,Cold coffee,Beverages,40,12,480,,F,Afternoon
255,4/30/2022,Vadapav,Fastfood,20,7,140,,F,Afternoon
256,3/16/2023,Aalopuri,Fastfood,20,3,60,Online,F,Midnight
257,01-03-2023,Sandwich,Fastfood,60,10,600,Cash,F,Midnight
258,09-06-2022,Vadapav,Fastfood,20,14,280,Cash,M,Midnight
259,11/18/2022,Sandwich,Fastfood,60,4,240,Online,M,Morning
260,09-10-2022,Sugarcane juice,Beverages,25,2,50,Online,F,Night
261,01-11-2023,Frankie,Fastfood,50,9,450,Cash,F,Midnight
262,03-05-2023,Vadapav,Fastfood,20,5,100,,F,Evening
263,6/19/2022,Panipuri,Fastfood,20,2,40,Cash,M,Evening
264,7/18/2022,Sugarcane juice,Beverages,25,12,300,Online,M,Morning
265,8/15/2022,Vadapav,Fastfood,20,6,120,Cash,M,Midnight
266,10-02-2022,Frankie,Fastfood,50,10,500,Online,F,Night
267,03-05-2023,Vadapav,Fastfood,20,1,20,Cash,M,Morning
268,02-05-2023,Cold coffee,Beverages,40,12,480,Cash,F,Midnight
269,12/22/2022,Panipuri,Fastfood,20,2,40,,F,Midnight
270,09-07-2022,Sandwich,Fastfood,60,13,780,Cash,M,Evening
271,05-03-2022,Vadapav,Fastfood,20,13,260,Cash,M,Evening
272,7/29/2022,Frankie,Fastfood,50,5,250,Online,F,Night
273,8/15/2022,Panipuri,Fastfood,20,15,300,Cash,M,Midnight
274,01-04-2023,Sugarcane juice,Beverages,25,10,250,Online,M,Night
275,02-04-2023,Vadapav,Fastfood,20,15,300,Online,M,Night
276,9/30/2022,Sugarcane juice,Beverages,25,6,150,Cash,M,Midnight
277,12-08-2022,Cold coffee,Beverages,40,13,520,Cash,F,Midnight
278,6/19/2022,Frankie,Fastfood,50,6,300,Online,F,Night
279,9/14/2022,Vadapav,Fastfood,20,15,300,Cash,F,Afternoon
280,10-09-2022,Panipuri,Fastfood,20,14,280,Online,F,Evening
281,08-09-2022,Sandwich,Fastfood,60,3,180,Cash,F,Afternoon
282,5/16/2022,Vadapav,Fastfood,20,13,260,,F,Morning
283,07-02-2022,Panipuri,Fastfood,20,2,40,Cash,F,Midnight
284,1/29/2023,Frankie,Fastfood,50,7,350,,M,Afternoon
285,6/28/2022,Aalopuri,Fastfood,20,3,60,,M,Night
286,12/14/2022,Vadapav,Fastfood,20,6,120,,M,Night
287,08-06-2022,Aalopuri,Fastfood,20,3,60,Cash,M,Morning
288,8/22/2022,Sandwich,Fastfood,60,7,420,Cash,M,Night
289,11/28/2022,Aalopuri,Fastfood,20,7,140,Online,F,Midnight
290,05-03-2022,Panipuri,Fastfood,20,7,140,Cash,F,Morning
291,1/27/2023,Frankie,Fastfood,50,8,400,Online,F,Night
292,1/16/2023,Frankie,Fastfood,50,2,100,Cash,F,Midnight
293,4/21/2022,Panipuri,Fastfood,20,8,160,Online,F,Morning
294,9/23/2022,Aalopuri,Fastfood,20,1,20,Cash,F,Evening
295,7/21/2022,Sandwich,Fastfood,60,7,420,Cash,M,Midnight
296,02-06-2023,Panipuri,Fastfood,20,7,140,Cash,F,Afternoon
297,4/30/2022,Sandwich,Fastfood,60,10,600,Online,M,Evening
298,7/19/2022,Sugarcane juice,Beverages,25,9,225,Cash,F,Afternoon
299,7/22/2022,Aalopuri,Fastfood,20,1,20,Online,F,Evening
300,6/27/2022,Aalopuri,Fastfood,20,8,160,Cash,M,Afternoon
301,1/28/2023,Panipuri,Fastfood,20,7,140,Cash,M,Night
302,3/21/2023,Aalopuri,Fastfood,20,14,280,Cash,M,Night
303,07-02-2022,Sugarcane juice,Beverages,25,1,25,Cash,F,Midnight
304,5/28/2022,Vadapav,Fastfood,20,15,300,Online,M,Morning
305,03-05-2023,Panipuri,Fastfood,20,4,80,,F,Morning
306,03-03-2023,Cold coffee,Beverages,40,8,320,Online,F,Morning
307,2/13/2023,Vadapav,Fastfood,20,8,160,Cash,M,Evening
308,12/17/2022,Sandwich,Fastfood,60,13,780,Online,M,Evening
309,10/14/2022,Sandwich,Fastfood,60,8,480,Online,M,Evening
310,4/25/2022,Vadapav,Fastfood,20,4,80,Cash,M,Afternoon
311,7/31/2022,Frankie,Fastfood,50,7,350,,F,Morning
312,12/28/2022,Cold coffee,Beverages,40,1,40,Cash,F,Night
313,4/19/2022,Cold coffee,Beverages,40,1,40,Cash,M,Midnight
314,2/27/2023,Frankie,Fastfood,50,8,400,Online,F,Morning
315,2/20/2023,Cold coffee,Beverages,40,13,520,Online,F,Afternoon
316,11-02-2022,Frankie,Fastfood,50,4,200,Online,M,Morning
317,03-10-2023,Aalopuri,Fastfood,20,12,240,Online,F,Afternoon
318,12/21/2022,Aalopuri,Fastfood,20,10,200,Online,F,Midnight
319,6/30/2022,Frankie,Fastfood,50,15,750,Cash,M,Afternoon
320,3/18/2023,Sugarcane juice,Beverages,25,7,175,Cash,F,Afternoon
321,02-08-2023,Frankie,Fastfood,50,12,600,Cash,F,Evening
322,05-05-2022,Cold coffee,Beverages,40,11,440,Cash,M,Morning
323,12/29/2022,Aalopuri,Fastfood,20,4,80,Cash,M,Morning
324,7/18/2022,Sugarcane juice,Beverages,25,15,375,Online,F,Night
325,03-02-2023,Aalopuri,Fastfood,20,12,240,,F,Afternoon
326,05-03-2022,Sandwich,Fastfood,60,8,480,Cash,M,Evening
327,11/29/2022,Frankie,Fastfood,50,15,750,Cash,F,Midnight
328,6/16/2022,Vadapav,Fastfood,20,3,60,Online,M,Evening
329,01-10-2023,Panipuri,Fastfood,20,7,140,Online,F,Afternoon
330,9/22/2022,Panipuri,Fastfood,20,8,160,,M,Morning
331,8/21/2022,Panipuri,Fastfood,20,4,80,Online,F,Evening
332,2/17/2023,Aalopuri,Fastfood,20,2,40,,F,Afternoon
333,10/30/2022,Sugarcane juice,Beverages,25,11,275,Cash,F,Afternoon
334,04-04-2022,Cold coffee,Beverages,40,4,160,Cash,F,Evening
335,10/24/2022,Cold coffee,Beverages,40,11,440,Cash,M,Night
336,09-03-2022,Sugarcane juice,Beverages,25,13,325,,F,Midnight
337,10/15/2022,Aalopuri,Fastfood,20,14,280,Online,F,Midnight
338,05-06-2022,Sugarcane juice,Beverages,25,12,300,Cash,M,Morning
339,2/16/2023,Sugarcane juice,Beverages,25,1,25,,F,Midnight
340,06-02-2022,Cold coffee,Beverages,40,4,160,Cash,F,Evening
341,3/19/2023,Frankie,Fastfood,50,9,450,Cash,F,Evening
342,03-11-2023,Vadapav,Fastfood,20,7,140,Online,M,Afternoon
343,1/18/2023,Sugarcane juice,Beverages,25,5,125,Cash,M,Afternoon
344,5/13/2022,Cold coffee,Beverages,40,14,560,Cash,M,Night
345,05-09-2022,Panipuri,Fastfood,20,14,280,Online,F,Night
346,1/31/2023,Cold coffee,Beverages,40,12,480,Cash,M,Morning
347,6/24/2022,Frankie,Fastfood,50,7,350,Cash,F,Afternoon
348,9/19/2022,Vadapav,Fastfood,20,1,20,Online,F,Midnight
349,8/17/2022,Panipuri,Fastfood,20,5,100,Cash,F,Evening
350,9/21/2022,Cold coffee,Beverages,40,8,320,Online,F,Morning
351,07-08-2022,Frankie,Fastfood,50,5,250,Online,F,Night
352,5/25/2022,Frankie,Fastfood,50,11,550,Cash,F,Night
353,5/18/2022,Vadapav,Fastfood,20,4,80,Online,F,Midnight
354,1/16/2023,Panipuri,Fastfood,20,14,280,Online,M,Midnight
355,3/15/2023,Cold coffee,Beverages,40,4,160,Online,M,Midnight
356,5/26/2022,Sugarcane juice,Beverages,25,14,350,Cash,F,Night
357,9/21/2022,Sandwich,Fastfood,60,9,540,Online,F,Afternoon
358,10/27/2022,Aalopuri,Fastfood,20,6,120,Cash,M,Night
359,8/27/2022,Aalopuri,Fastfood,20,13,260,Online,F,Night
360,10-06-2022,Cold coffee,Beverages,40,2,80,Online,F,Midnight
361,6/30/2022,Sandwich,Fastfood,60,15,900,,F,Night
362,12/30/2022,Sugarcane juice,Beverages,25,2,50,Cash,M,Morning
363,05-09-2022,Frankie,Fastfood,50,9,450,Online,M,Afternoon
364,10-11-2022,Cold coffee,Beverages,40,2,80,Online,M,Night
365,07-08-2022,Panipuri,Fastfood,20,10,200,Online,M,Night
366,11/30/2022,Sugarcane juice,Beverages,25,10,250,Online,F,Afternoon
367,08-10-2022,Panipuri,Fastfood,20,6,120,,M,Afternoon
368,8/31/2022,Cold coffee,Beverages,40,2,80,Cash,M,Night
369,07-03-2022,Sandwich,Fastfood,60,2,120,Online,F,Evening
370,5/28/2022,Panipuri,Fastfood,20,5,100,,F,Midnight
371,10/18/2022,Vadapav,Fastfood,20,5,100,Online,F,Night
372,11/19/2022,Frankie,Fastfood,50,12,600,,M,Morning
373,05-08-2022,Sugarcane juice,Beverages,25,12,300,Cash,F,Midnight
374,7/24/2022,Frankie,Fastfood,50,10,500,Online,M,Midnight
375,11/17/2022,Panipuri,Fastfood,20,13,260,Cash,M,Evening
376,12-04-2022,Frankie,Fastfood,50,15,750,Cash,M,Midnight
377,5/20/2022,Sugarcane juice,Beverages,25,3,75,Online,F,Evening
378,4/24/2022,Vadapav,Fastfood,20,2,40,Cash,F,Midnight
379,2/15/2023,Cold coffee,Beverages,40,14,560,,M,Afternoon
380,10/20/2022,Sandwich,Fastfood,60,5,300,Online,F,Afternoon
381,2/26/2023,Vadapav,Fastfood,20,1,20,Online,M,Morning
382,8/16/2022,Cold coffee,Beverages,40,9,360,Cash,F,Night
383,05-06-2022,Aalopuri,Fastfood,20,7,140,Online,F,Morning
384,10/22/2022,Sugarcane juice,Beverages,25,1,25,Online,M,Afternoon
385,4/25/2022,Vadapav,Fastfood,20,5,100,Cash,M,Morning
386,11/23/2022,Frankie,Fastfood,50,5,250,Online,M,Midnight
387,3/17/2023,Sugarcane juice,Beverages,25,14,350,Cash,F,Midnight
388,10-09-2022,Sandwich,Fastfood,60,14,840,Cash,M,Evening
389,12/22/2022,Sandwich,Fastfood,60,12,720,Cash,F,Evening
390,6/18/2022,Sugarcane juice,Beverages,25,5,125,,M,Midnight
391,4/21/2022,Aalopuri,Fastfood,20,1,20,Online,F,Night
392,9/18/2022,Aalopuri,Fastfood,20,15,300,Online,M,Night
393,07-02-2022,Sugarcane juice,Beverages,25,10,250,Online,F,Evening
394,04-03-2022,Sandwich,Fastfood,60,1,60,Cash,F,Morning
395,1/31/2023,Sandwich,Fastfood,60,3,180,Cash,F,Evening
396,10/31/2022,Frankie,Fastfood,50,15,750,Online,M,Morning
397,07-06-2022,Aalopuri,Fastfood,20,2,40,Online,F,Afternoon
398,1/13/2023,Panipuri,Fastfood,20,6,120,Online,M,Evening
399,6/24/2022,Panipuri,Fastfood,20,9,180,Cash,F,Evening
400,03-04-2023,Cold coffee,Beverages,40,15,600,Cash,F,Morning
401,10-11-2022,Sugarcane juice,Beverages,25,8,200,Online,F,Midnight
402,3/19/2023,Frankie,Fastfood,50,7,350,Cash,M,Night
403,9/25/2022,Cold coffee,Beverages,40,3,120,Online,F,Midnight
404,11/26/2022,Frankie,Fastfood,50,7,350,Cash,F,Midnight
405,12/13/2022,Sugarcane juice,Beverages,25,10,250,Cash,M,Night
406,10/13/2022,Cold coffee,Beverages,40,4,160,Online,F,Afternoon
407,01-02-2023,Sugarcane juice,Beverages,25,2,50,Cash,M,Evening
408,10-05-2022,Vadapav,Fastfood,20,4,80,Online,M,Midnight
409,9/15/2022,Aalopuri,Fastfood,20,9,180,Cash,F,Morning
410,11/23/2022,Aalopuri,Fastfood,20,15,300,Online,M,Afternoon
411,11/20/2022,Panipuri,Fastfood,20,12,240,Cash,M,Afternoon
412,03-09-2023,Sugarcane juice,Beverages,25,14,350,,M,Afternoon
413,04-03-2022,Aalopuri,Fastfood,20,10,200,Online,F,Midnight
414,1/21/2023,Cold coffee,Beverages,40,13,520,,M,Night
415,12-05-2022,Vadapav,Fastfood,20,8,160,Online,M,Evening
416,08-05-2022,Sandwich,Fastfood,60,9,540,,M,Morning
417,1/16/2023,Panipuri,Fastfood,20,3,60,Cash,M,Evening
418,11-12-2022,Cold coffee,Beverages,40,7,280,Online,M,Night
419,10-08-2022,Sugarcane juice,Beverages,25,14,350,,F,Midnight
420,1/30/2023,Frankie,Fastfood,50,13,650,Online,F,Evening
421,3/24/2023,Cold coffee,Beverages,40,2,80,Online,M,Midnight
422,08-02-2022,Cold coffee,Beverages,40,7,280,Online,M,Evening
423,10/21/2022,Frankie,Fastfood,50,7,350,Cash,F,Night
424,4/21/2022,Sugarcane juice,Beverages,25,9,225,Online,F,Midnight
425,8/17/2022,Panipuri,Fastfood,20,14,280,Online,M,Afternoon
426,1/20/2023,Frankie,Fastfood,50,14,700,Cash,M,Midnight
427,5/21/2022,Sandwich,Fastfood,60,2,120,Online,M,Afternoon
428,12/24/2022,Sugarcane juice,Beverages,25,8,200,Online,M,Afternoon
429,9/19/2022,Cold coffee,Beverages,40,3,120,Online,M,Night
430,11-05-2022,Sandwich,Fastfood,60,4,240,Online,M,Night
431,3/16/2023,Panipuri,Fastfood,20,6,120,Online,M,Evening
432,3/27/2023,Panipuri,Fastfood,20,6,120,Online,M,Afternoon
433,5/27/2022,Panipuri,Fastfood,20,14,280,Online,F,Evening
434,8/21/2022,Aalopuri,Fastfood,20,12,240,Cash,M,Morning
435,05-08-2022,Sandwich,Fastfood,60,1,60,Cash,F,Afternoon
436,01-05-2023,Frankie,Fastfood,50,10,500,Cash,M,Midnight
437,8/31/2022,Cold coffee,Beverages,40,1,40,,M,Morning
438,6/20/2022,Cold coffee,Beverages,40,5,200,Online,M,Morning
439,9/30/2022,Frankie,Fastfood,50,13,650,Online,M,Afternoon
440,11/28/2022,Aalopuri,Fastfood,20,7,140,Cash,M,Afternoon
441,11-02-2022,Aalopuri,Fastfood,20,1,20,Online,F,Midnight
442,8/22/2022,Sugarcane juice,Beverages,25,7,175,Online,F,Night
443,09-05-2022,Sugarcane juice,Beverages,25,12,300,Cash,F,Night
444,9/28/2022,Frankie,Fastfood,50,4,200,,M,Evening
445,10/22/2022,Sandwich,Fastfood,60,14,840,Online,F,Morning
446,8/31/2022,Cold coffee,Beverages,40,9,360,Cash,M,Night
447,1/17/2023,Frankie,Fastfood,50,6,300,Online,F,Afternoon
448,7/27/2022,Vadapav,Fastfood,20,6,120,Cash,F,Evening
449,09-09-2022,Frankie,Fastfood,50,4,200,Cash,M,Afternoon
450,5/20/2022,Sugarcane juice,Beverages,25,1,25,Online,M,Morning
451,3/15/2023,Sugarcane juice,Beverages,25,10,250,Cash,F,Midnight
452,12/25/2022,Frankie,Fastfood,50,5,250,Online,M,Afternoon
453,10/20/2022,Sandwich,Fastfood,60,1,60,Online,F,Midnight
454,03-07-2023,Sandwich,Fastfood,60,1,60,Online,F,Evening
455,03-01-2023,Cold coffee,Beverages,40,11,440,Cash,M,Midnight
456,12/31/2022,Cold coffee,Beverages,40,13,520,,F,Night
457,10/16/2022,Cold coffee,Beverages,40,11,440,Cash,M,Evening
458,09-12-2022,Sugarcane juice,Beverages,25,8,200,Cash,F,Midnight
459,06-08-2022,Vadapav,Fastfood,20,14,280,Cash,M,Night
460,11/20/2022,Aalopuri,Fastfood,20,2,40,Cash,M,Morning
461,7/22/2022,Sugarcane juice,Beverages,25,5,125,Cash,M,Midnight
462,4/24/2022,Vadapav,Fastfood,20,3,60,Cash,M,Morning
463,06-11-2022,Sandwich,Fastfood,60,6,360,Online,M,Midnight
464,10/18/2022,Sugarcane juice,Beverages,25,13,325,Cash,M,Morning
465,1/15/2023,Sugarcane juice,Beverages,25,12,300,Online,M,Evening
466,01-11-2023,Panipuri,Fastfood,20,6,120,Cash,M,Evening
467,10/17/2022,Aalopuri,Fastfood,20,11,220,Online,M,Morning
468,09-08-2022,Panipuri,Fastfood,20,2,40,Cash,M,Evening
469,5/15/2022,Sandwich,Fastfood,60,7,420,Online,F,Morning
470,9/29/2022,Vadapav,Fastfood,20,8,160,Cash,F,Morning
471,2/13/2023,Panipuri,Fastfood,20,7,140,Cash,F,Afternoon
472,01-11-2023,Panipuri,Fastfood,20,10,200,,M,Midnight
473,09-04-2022,Sandwich,Fastfood,60,5,300,Cash,F,Evening
474,8/28/2022,Sugarcane juice,Beverages,25,15,375,Cash,F,Night
475,2/24/2023,Cold coffee,Beverages,40,6,240,Cash,F,Night
476,02-02-2023,Aalopuri,Fastfood,20,10,200,Cash,M,Morning
477,2/13/2023,Sandwich,Fastfood,60,15,900,Cash,F,Midnight
478,12/27/2022,Sugarcane juice,Beverages,25,9,225,Cash,F,Afternoon
479,2/13/2023,Sandwich,Fastfood,60,11,660,Cash,F,Afternoon
480,10-02-2022,Vadapav,Fastfood,20,12,240,Cash,M,Evening
481,10/29/2022,Sugarcane juice,Beverages,25,4,100,Cash,M,Evening
482,1/31/2023,Aalopuri,Fastfood,20,1,20,Online,M,Afternoon
483,4/27/2022,Panipuri,Fastfood,20,9,180,Cash,F,Morning
484,3/21/2023,Cold coffee,Beverages,40,5,200,Cash,F,Afternoon
485,2/26/2023,Aalopuri,Fastfood,20,6,120,Cash,F,Midnight
486,2/14/2023,Vadapav,Fastfood,20,6,120,Cash,F,Midnight
487,5/27/2022,Sandwich,Fastfood,60,9,540,Cash,F,Midnight
488,9/21/2022,Cold coffee,Beverages,40,10,400,Cash,M,Midnight
489,02-03-2023,Frankie,Fastfood,50,13,650,Online,F,Evening
490,12/26/2022,Cold coffee,Beverages,40,8,320,Cash,M,Morning
491,5/31/2022,Vadapav,Fastfood,20,2,40,Online,F,Midnight
492,07-11-2022,Sandwich,Fastfood,60,15,900,Cash,M,Afternoon
493,10-02-2022,Cold coffee,Beverages,40,2,80,Online,M,Morning
494,1/14/2023,Cold coffee,Beverages,40,10,400,Cash,F,Night
495,10/20/2022,Aalopuri,Fastfood,20,13,260,Online,F,Midnight
496,11-07-2022,Cold coffee,Beverages,40,10,400,Online,F,Night
497,1/25/2023,Sandwich,Fastfood,60,7,420,Cash,M,Midnight
498,6/16/2022,Frankie,Fastfood,50,1,50,Cash,M,Midnight
499,7/27/2022,Sandwich,Fastfood,60,8,480,Online,F,Evening
500,04-08-2022,Vadapav,Fastfood,20,4,80,Online,F,Midnight
501,08-09-2022,Sugarcane juice,Beverages,25,14,350,Online,F,Afternoon
502,01-04-2023,Panipuri,Fastfood,20,13,260,Online,M,Night
503,11-04-2022,Aalopuri,Fastfood,20,13,260,Cash,F,Morning
504,12-09-2022,Cold coffee,Beverages,40,8,320,Cash,M,Evening
505,02-12-2023,Frankie,Fastfood,50,4,200,Cash,M,Night
506,12/26/2022,Cold coffee,Beverages,40,12,480,Cash,F,Midnight
507,12/14/2022,Aalopuri,Fastfood,20,14,280,Online,F,Morning
508,12-10-2022,Sandwich,Fastfood,60,1,60,Cash,M,Night
509,10/26/2022,Vadapav,Fastfood,20,11,220,Online,M,Evening
510,04-04-2022,Sandwich,Fastfood,60,14,840,Online,M,Afternoon
511,08-02-2022,Panipuri,Fastfood,20,4,80,Cash,F,Night
512,01-11-2023,Panipuri,Fastfood,20,3,60,Cash,F,Afternoon
513,7/16/2022,Cold coffee,Beverages,40,5,200,Cash,F,Night
514,8/24/2022,Cold coffee,Beverages,40,8,320,Online,F,Evening
515,11-02-2022,Sandwich,Fastfood,60,7,420,,F,Night
516,9/22/2022,Sugarcane juice,Beverages,25,12,300,Online,F,Midnight
517,07-02-2022,Panipuri,Fastfood,20,13,260,Online,M,Evening
518,12-09-2022,Aalopuri,Fastfood,20,6,120,Cash,F,Morning
519,11/25/2022,Cold coffee,Beverages,40,10,400,Cash,M,Morning
520,04-03-2022,Panipuri,Fastfood,20,11,220,Online,F,Night
521,1/27/2023,Panipuri,Fastfood,20,14,280,Online,M,Morning
522,12/29/2022,Panipuri,Fastfood,20,13,260,Cash,F,Midnight
523,11-03-2022,Frankie,Fastfood,50,6,300,Cash,M,Afternoon
524,05-01-2022,Aalopuri,Fastfood,20,13,260,Online,M,Afternoon
525,05-04-2022,Vadapav,Fastfood,20,3,60,Cash,M,Midnight
526,07-04-2022,Sandwich,Fastfood,60,10,600,Cash,F,Evening
527,01-06-2023,Sugarcane juice,Beverages,25,6,150,Cash,F,Afternoon
528,07-01-2022,Sugarcane juice,Beverages,25,7,175,Cash,F,Midnight
529,5/15/2022,Aalopuri,Fastfood,20,12,240,,F,Afternoon
530,7/27/2022,Panipuri,Fastfood,20,6,120,Cash,F,Night
531,10-04-2022,Cold coffee,Beverages,40,10,400,Cash,M,Night
532,3/27/2023,Panipuri,Fastfood,20,13,260,Online,F,Midnight
533,02-05-2023,Frankie,Fastfood,50,2,100,,F,Night
534,5/16/2022,Vadapav,Fastfood,20,2,40,Online,F,Night
535,09-05-2022,Sandwich,Fastfood,60,4,240,Online,M,Midnight
536,03-01-2023,Sugarcane juice,Beverages,25,7,175,Cash,F,Evening
537,1/25/2023,Panipuri,Fastfood,20,3,60,Cash,M,Evening
538,06-05-2022,Panipuri,Fastfood,20,7,140,Online,M,Morning
539,09-07-2022,Panipuri,Fastfood,20,3,60,Online,M,Evening
540,5/27/2022,Vadapav,Fastfood,20,13,260,Cash,M,Afternoon
541,7/30/2022,Panipuri,Fastfood,20,12,240,Cash,M,Night
542,08-04-2022,Sugarcane juice,Beverages,25,9,225,Cash,M,Evening
543,04-10-2022,Aalopuri,Fastfood,20,15,300,Cash,F,Evening
544,12/14/2022,Sandwich,Fastfood,60,15,900,Online,F,Morning
545,01-01-2023,Sandwich,Fastfood,60,13,780,Online,F,Midnight
546,07-09-2022,Aalopuri,Fastfood,20,1,20,Cash,F,Midnight
547,5/14/2022,Cold coffee,Beverages,40,10,400,Online,M,Morning
548,3/29/2023,Cold coffee,Beverages,40,14,560,Cash,M,Afternoon
549,4/15/2022,Sugarcane juice,Beverages,25,3,75,Online,M,Afternoon
550,11/15/2022,Cold coffee,Beverages,40,15,600,Online,M,Afternoon
551,7/30/2022,Sugarcane juice,Beverages,25,7,175,Cash,M,Evening
552,09-12-2022,Sugarcane juice,Beverages,25,15,375,Cash,F,Midnight
553,11-11-2022,Panipuri,Fastfood,20,14,280,Cash,M,Evening
554,03-09-2023,Panipuri,Fastfood,20,4,80,Cash,F,Afternoon
555,4/16/2022,Sandwich,Fastfood,60,6,360,Cash,F,Evening
556,2/27/2023,Vadapav,Fastfood,20,9,180,Cash,F,Night
557,6/30/2022,Sandwich,Fastfood,60,2,120,Cash,F,Evening
558,10-01-2022,Panipuri,Fastfood,20,5,100,Online,M,Morning
559,8/31/2022,Cold coffee,Beverages,40,5,200,Online,F,Night
560,12-10-2022,Sugarcane juice,Beverages,25,1,25,Cash,M,Evening
561,6/13/2022,Panipuri,Fastfood,20,1,20,Cash,F,Midnight
562,08-09-2022,Frankie,Fastfood,50,4,200,Cash,M,Afternoon
563,10/13/2022,Frankie,Fastfood,50,7,350,Online,F,Evening
564,9/27/2022,Cold coffee,Beverages,40,2,80,,M,Morning
565,9/27/2022,Panipuri,Fastfood,20,15,300,Cash,M,Evening
566,7/19/2022,Frankie,Fastfood,50,3,150,Cash,M,Evening
567,10/16/2022,Cold coffee,Beverages,40,7,280,Online,F,Afternoon
568,12/29/2022,Panipuri,Fastfood,20,12,240,,F,Afternoon
569,01-02-2023,Cold coffee,Beverages,40,15,600,Online,F,Midnight
570,9/15/2022,Sugarcane juice,Beverages,25,4,100,Cash,M,Morning
571,11/28/2022,Sugarcane juice,Beverages,25,1,25,Cash,F,Evening
572,04-02-2022,Sandwich,Fastfood,60,15,900,Cash,M,Afternoon
573,09-07-2022,Frankie,Fastfood,50,2,100,Cash,M,Afternoon
574,10/22/2022,Aalopuri,Fastfood,20,1,20,Cash,F,Night
575,12/24/2022,Vadapav,Fastfood,20,1,20,Online,F,Midnight
576,3/23/2023,Panipuri,Fastfood,20,12,240,Cash,F,Afternoon
577,09-06-2022,Cold coffee,Beverages,40,7,280,Cash,M,Evening
578,6/30/2022,Frankie,Fastfood,50,5,250,Online,F,Night
579,4/27/2022,Panipuri,Fastfood,20,2,40,Cash,M,Evening
580,07-01-2022,Panipuri,Fastfood,20,10,200,Online,M,Night
581,4/23/2022,Sugarcane juice,Beverages,25,13,325,Cash,M,Afternoon
582,05-12-2022,Aalopuri,Fastfood,20,13,260,Cash,M,Morning
583,5/31/2022,Frankie,Fastfood,50,8,400,Cash,M,Night
584,12-04-2022,Cold coffee,Beverages,40,15,600,Cash,M,Morning
585,03-05-2023,Vadapav,Fastfood,20,11,220,Cash,F,Morning
586,5/22/2022,Sandwich,Fastfood,60,15,900,Online,M,Night
587,04-09-2022,Aalopuri,Fastfood,20,10,200,Cash,F,Night
588,6/16/2022,Frankie,Fastfood,50,11,550,Cash,F,Morning
589,8/25/2022,Cold coffee,Beverages,40,5,200,Cash,M,Night
590,3/27/2023,Panipuri,Fastfood,20,15,300,Online,M,Midnight
591,10-01-2022,Sandwich,Fastfood,60,13,780,Cash,F,Morning
592,12-04-2022,Sugarcane juice,Beverages,25,7,175,Cash,M,Morning
593,2/16/2023,Sugarcane juice,Beverages,25,9,225,Cash,F,Evening
594,1/20/2023,Frankie,Fastfood,50,6,300,Cash,F,Morning
595,2/22/2023,Frankie,Fastfood,50,9,450,Online,M,Afternoon
596,4/26/2022,Cold coffee,Beverages,40,1,40,Online,F,Night
597,11/30/2022,Panipuri,Fastfood,20,10,200,Online,M,Midnight
598,08-02-2022,Cold coffee,Beverages,40,8,320,Cash,F,Afternoon
599,10-03-2022,Frankie,Fastfood,50,13,650,Cash,M,Morning
600,12/24/2022,Panipuri,Fastfood,20,6,120,Cash,F,Morning
601,11-01-2022,Aalopuri,Fastfood,20,12,240,Online,M,Morning
602,8/27/2022,Aalopuri,Fastfood,20,10,200,Cash,M,Night
603,8/31/2022,Vadapav,Fastfood,20,10,200,Cash,F,Afternoon
604,09-08-2022,Frankie,Fastfood,50,10,500,Cash,F,Night
605,04-04-2022,Cold coffee,Beverages,40,15,600,,F,Afternoon
606,04-09-2022,Cold coffee,Beverages,40,6,240,Cash,F,Night
607,12/15/2022,Vadapav,Fastfood,20,9,180,Cash,F,Afternoon
608,2/28/2023,Aalopuri,Fastfood,20,1,20,Online,M,Midnight
609,02-07-2023,Aalopuri,Fastfood,20,14,280,,M,Midnight
610,05-08-2022,Frankie,Fastfood,50,13,650,Online,F,Evening
611,6/25/2022,Aalopuri,Fastfood,20,2,40,Online,F,Morning
612,02-06-2023,Aalopuri,Fastfood,20,3,60,Online,M,Midnight
613,06-10-2022,Vadapav,Fastfood,20,5,100,Online,F,Night
614,12/19/2022,Vadapav,Fastfood,20,2,40,,M,Morning
615,8/14/2022,Sandwich,Fastfood,60,14,840,,M,Morning
616,7/15/2022,Vadapav,Fastfood,20,6,120,Online,F,Midnight
617,6/28/2022,Sugarcane juice,Beverages,25,2,50,Cash,M,Night
618,04-08-2022,Frankie,Fastfood,50,1,50,Online,M,Evening
619,09-09-2022,Sugarcane juice,Beverages,25,4,100,Cash,F,Morning
620,9/14/2022,Panipuri,Fastfood,20,12,240,Online,F,Evening
621,2/13/2023,Aalopuri,Fastfood,20,2,40,Online,F,Evening
622,12/14/2022,Panipuri,Fastfood,20,13,260,Online,M,Afternoon
623,04-02-2022,Cold coffee,Beverages,40,15,600,Cash,M,Midnight
624,03-08-2023,Sandwich,Fastfood,60,9,540,Cash,F,Morning
625,6/17/2022,Sandwich,Fastfood,60,15,900,Online,M,Morning
626,02-01-2023,Cold coffee,Beverages,40,15,600,Cash,M,Night
627,6/22/2022,Sugarcane juice,Beverages,25,15,375,Online,M,Afternoon
628,05-02-2022,Cold coffee,Beverages,40,10,400,,F,Night
629,1/20/2023,Sugarcane juice,Beverages,25,9,225,Cash,F,Evening
630,5/27/2022,Frankie,Fastfood,50,7,350,,F,Morning
631,07-01-2022,Cold coffee,Beverages,40,13,520,Cash,F,Evening
632,10/28/2022,Panipuri,Fastfood,20,9,180,Online,F,Night
633,5/24/2022,Cold coffee,Beverages,40,3,120,Online,M,Evening
634,7/26/2022,Panipuri,Fastfood,20,13,260,Cash,M,Afternoon
635,02-06-2023,Vadapav,Fastfood,20,15,300,Online,F,Night
636,4/26/2022,Cold coffee,Beverages,40,12,480,,M,Morning
637,5/14/2022,Aalopuri,Fastfood,20,7,140,Cash,M,Midnight
638,8/20/2022,Cold coffee,Beverages,40,11,440,Online,F,Afternoon
639,1/26/2023,Vadapav,Fastfood,20,14,280,Cash,F,Morning
640,01-04-2023,Sandwich,Fastfood,60,15,900,Online,M,Night
641,02-09-2023,Vadapav,Fastfood,20,15,300,Cash,M,Afternoon
642,05-09-2022,Cold coffee,Beverages,40,10,400,Online,F,Morning
643,10/20/2022,Sugarcane juice,Beverages,25,2,50,Cash,M,Afternoon
644,02-03-2023,Panipuri,Fastfood,20,5,100,Online,F,Evening
645,7/26/2022,Sandwich,Fastfood,60,9,540,Cash,F,Night
646,8/30/2022,Vadapav,Fastfood,20,14,280,Online,F,Afternoon
647,06-05-2022,Vadapav,Fastfood,20,3,60,Cash,M,Afternoon
648,5/27/2022,Sandwich,Fastfood,60,7,420,Cash,M,Night
649,11-05-2022,Frankie,Fastfood,50,9,450,Cash,M,Midnight
650,04-07-2022,Sandwich,Fastfood,60,13,780,Online,F,Morning
651,07-11-2022,Sandwich,Fastfood,60,10,600,Online,F,Midnight
652,5/21/2022,Cold coffee,Beverages,40,13,520,Online,F,Afternoon
653,5/30/2022,Frankie,Fastfood,50,10,500,Online,F,Midnight
654,03-04-2023,Vadapav,Fastfood,20,9,180,Cash,F,Morning
655,6/30/2022,Sugarcane juice,Beverages,25,12,300,Online,M,Morning
656,11/28/2022,Sandwich,Fastfood,60,6,360,Online,F,Midnight
657,01-10-2023,Cold coffee,Beverages,40,7,280,,M,Midnight
658,10-10-2022,Aalopuri,Fastfood,20,12,240,,F,Afternoon
659,1/21/2023,Panipuri,Fastfood,20,2,40,Online,M,Afternoon
660,7/25/2022,Sandwich,Fastfood,60,9,540,Cash,F,Night
661,10-11-2022,Frankie,Fastfood,50,7,350,Online,F,Midnight
662,2/15/2023,Panipuri,Fastfood,20,3,60,Online,F,Afternoon
663,02-05-2023,Sugarcane juice,Beverages,25,1,25,Online,M,Night
664,10/31/2022,Frankie,Fastfood,50,10,500,Online,F,Morning
665,05-06-2022,Aalopuri,Fastfood,20,14,280,Online,F,Evening
666,1/25/2023,Panipuri,Fastfood,20,9,180,Cash,M,Evening
667,9/28/2022,Vadapav,Fastfood,20,3,60,Cash,F,Evening
668,05-11-2022,Aalopuri,Fastfood,20,4,80,Online,M,Morning
669,3/18/2023,Sandwich,Fastfood,60,11,660,Online,M,Evening
670,07-05-2022,Panipuri,Fastfood,20,15,300,Cash,M,Night
671,10-09-2022,Sandwich,Fastfood,60,2,120,Online,M,Afternoon
672,11/24/2022,Cold coffee,Beverages,40,3,120,,F,Evening
673,9/17/2022,Sandwich,Fastfood,60,12,720,Cash,M,Midnight
674,7/17/2022,Sugarcane juice,Beverages,25,13,325,,M,Morning
675,4/17/2022,Sandwich,Fastfood,60,12,720,Cash,M,Night
676,05-04-2022,Frankie,Fastfood,50,7,350,Cash,F,Evening
677,5/19/2022,Cold coffee,Beverages,40,3,120,Online,F,Morning
678,5/23/2022,Aalopuri,Fastfood,20,3,60,Online,M,Evening
679,11-02-2022,Sandwich,Fastfood,60,12,720,Online,M,Morning
680,4/20/2022,Cold coffee,Beverages,40,4,160,Cash,M,Night
681,12-09-2022,Frankie,Fastfood,50,9,450,Online,F,Night
682,10-11-2022,Aalopuri,Fastfood,20,14,280,Online,M,Midnight
683,08-12-2022,Frankie,Fastfood,50,15,750,Cash,M,Midnight
684,9/18/2022,Vadapav,Fastfood,20,5,100,Cash,M,Afternoon
685,5/20/2022,Aalopuri,Fastfood,20,3,60,Cash,F,Afternoon
686,11/25/2022,Cold coffee,Beverages,40,5,200,Cash,M,Afternoon
687,12/18/2022,Vadapav,Fastfood,20,10,200,Cash,F,Midnight
688,5/14/2022,Frankie,Fastfood,50,5,250,Online,M,Afternoon
689,8/13/2022,Vadapav,Fastfood,20,6,120,Cash,F,Afternoon
690,10-05-2022,Vadapav,Fastfood,20,9,180,Cash,F,Night
691,04-01-2022,Sandwich,Fastfood,60,7,420,Cash,F,Evening
692,1/13/2023,Frankie,Fastfood,50,14,700,Online,M,Afternoon
693,11/29/2022,Sugarcane juice,Beverages,25,13,325,Online,F,Midnight
694,4/22/2022,Panipuri,Fastfood,20,14,280,Cash,M,Midnight
695,8/24/2022,Panipuri,Fastfood,20,10,200,Online,F,Midnight
696,2/23/2023,Sugarcane juice,Beverages,25,3,75,Online,F,Evening
697,05-05-2022,Sugarcane juice,Beverages,25,5,125,Cash,M,Midnight
698,11/26/2022,Panipuri,Fastfood,20,10,200,Online,M,Night
699,09-09-2022,Cold coffee,Beverages,40,1,40,Online,M,Evening
700,11/15/2022,Frankie,Fastfood,50,6,300,Cash,F,Evening
701,7/19/2022,Sugarcane juice,Beverages,25,14,350,Online,F,Evening
702,3/25/2023,Cold coffee,Beverages,40,13,520,Cash,F,Afternoon
703,11-01-2022,Panipuri,Fastfood,20,10,200,Online,F,Afternoon
704,8/14/2022,Sandwich,Fastfood,60,1,60,Online,F,Evening
705,10-07-2022,Sandwich,Fastfood,60,6,360,Online,M,Evening
706,02-05-2023,Frankie,Fastfood,50,8,400,Online,M,Night
707,12/16/2022,Panipuri,Fastfood,20,2,40,Online,M,Night
708,3/15/2023,Sandwich,Fastfood,60,5,300,Cash,F,Midnight
709,2/22/2023,Cold coffee,Beverages,40,6,240,Cash,M,Morning
710,3/15/2023,Sandwich,Fastfood,60,15,900,,M,Night
711,10/30/2022,Aalopuri,Fastfood,20,3,60,Cash,M,Afternoon
712,12/17/2022,Vadapav,Fastfood,20,3,60,Online,F,Midnight
713,12-02-2022,Sugarcane juice,Beverages,25,14,350,Online,F,Morning
714,12/14/2022,Sugarcane juice,Beverages,25,14,350,Cash,M,Afternoon
715,04-12-2022,Sandwich,Fastfood,60,1,60,Online,M,Morning
716,12-03-2022,Panipuri,Fastfood,20,9,180,Cash,F,Midnight
717,10-11-2022,Sugarcane juice,Beverages,25,15,375,,F,Evening
718,12/28/2022,Aalopuri,Fastfood,20,2,40,Online,M,Afternoon
719,05-09-2022,Vadapav,Fastfood,20,15,300,Cash,F,Midnight
720,05-10-2022,Frankie,Fastfood,50,14,700,Cash,F,Morning
721,8/13/2022,Panipuri,Fastfood,20,12,240,,M,Afternoon
722,9/14/2022,Vadapav,Fastfood,20,15,300,,M,Midnight
723,2/16/2023,Cold coffee,Beverages,40,10,400,Online,M,Evening
724,6/27/2022,Frankie,Fastfood,50,10,500,Cash,F,Night
725,07-04-2022,Vadapav,Fastfood,20,6,120,Online,F,Afternoon
726,09-11-2022,Panipuri,Fastfood,20,1,20,Online,M,Morning
727,8/25/2022,Aalopuri,Fastfood,20,5,100,Cash,F,Midnight
728,08-03-2022,Vadapav,Fastfood,20,1,20,Online,M,Midnight
729,11/24/2022,Sandwich,Fastfood,60,7,420,Cash,M,Night
730,6/28/2022,Frankie,Fastfood,50,13,650,Cash,F,Afternoon
731,03-09-2023,Frankie,Fastfood,50,10,500,Cash,F,Afternoon
732,6/13/2022,Panipuri,Fastfood,20,7,140,,F,Midnight
733,02-03-2023,Frankie,Fastfood,50,10,500,Cash,M,Evening
734,10-07-2022,Frankie,Fastfood,50,7,350,Cash,M,Evening
735,08-10-2022,Panipuri,Fastfood,20,11,220,Cash,M,Morning
736,9/25/2022,Panipuri,Fastfood,20,13,260,,M,Afternoon
737,9/20/2022,Frankie,Fastfood,50,13,650,Online,F,Night
738,03-01-2023,Sandwich,Fastfood,60,4,240,Online,F,Morning
739,06-06-2022,Aalopuri,Fastfood,20,11,220,Online,M,Night
740,7/30/2022,Aalopuri,Fastfood,20,9,180,Cash,M,Midnight
741,7/16/2022,Aalopuri,Fastfood,20,5,100,Online,M,Afternoon
742,11/18/2022,Panipuri,Fastfood,20,14,280,Online,M,Night
743,11-09-2022,Panipuri,Fastfood,20,1,20,Cash,M,Morning
744,6/25/2022,Frankie,Fastfood,50,10,500,Cash,F,Morning
745,09-11-2022,Aalopuri,Fastfood,20,2,40,Online,M,Evening
746,08-05-2022,Sugarcane juice,Beverages,25,5,125,Online,F,Midnight
747,1/14/2023,Cold coffee,Beverages,40,3,120,Cash,F,Midnight
748,9/20/2022,Sandwich,Fastfood,60,14,840,Cash,F,Night
749,8/31/2022,Vadapav,Fastfood,20,11,220,Cash,M,Morning
750,02-01-2023,Frankie,Fastfood,50,1,50,Online,M,Evening
751,9/16/2022,Vadapav,Fastfood,20,2,40,Cash,M,Afternoon
752,06-04-2022,Panipuri,Fastfood,20,2,40,Online,F,Morning
753,6/26/2022,Sugarcane juice,Beverages,25,1,25,Cash,M,Midnight
754,12/29/2022,Sugarcane juice,Beverages,25,14,350,Cash,F,Evening
755,01-02-2023,Aalopuri,Fastfood,20,12,240,Cash,F,Night
756,10/21/2022,Sugarcane juice,Beverages,25,10,250,Online,F,Morning
757,12/25/2022,Sugarcane juice,Beverages,25,11,275,Online,M,Morning
758,9/25/2022,Vadapav,Fastfood,20,3,60,Cash,F,Evening
759,12/25/2022,Sugarcane juice,Beverages,25,13,325,Online,M,Midnight
760,11/14/2022,Sugarcane juice,Beverages,25,1,25,Online,F,Evening
761,11-12-2022,Sandwich,Fastfood,60,3,180,,F,Midnight
762,04-09-2022,Vadapav,Fastfood,20,12,240,Online,F,Midnight
763,07-04-2022,Vadapav,Fastfood,20,14,280,,F,Night
764,2/14/2023,Sandwich,Fastfood,60,7,420,Cash,F,Night
765,6/15/2022,Sandwich,Fastfood,60,13,780,Cash,M,Night
766,6/19/2022,Sandwich,Fastfood,60,10,600,Online,F,Morning
767,2/26/2023,Frankie,Fastfood,50,8,400,Cash,F,Afternoon
768,01-12-2023,Sandwich,Fastfood,60,14,840,Cash,M,Afternoon
769,06-07-2022,Frankie,Fastfood,50,8,400,Cash,M,Morning
770,2/22/2023,Aalopuri,Fastfood,20,8,160,Cash,F,Morning
771,8/15/2022,Panipuri,Fastfood,20,5,100,Online,F,Midnight
772,3/20/2023,Cold coffee,Beverages,40,9,360,Cash,M,Evening
773,8/14/2022,Cold coffee,Beverages,40,7,280,Online,M,Afternoon
774,3/15/2023,Vadapav,Fastfood,20,1,20,Online,F,Night
775,3/27/2023,Sandwich,Fastfood,60,6,360,Cash,M,Night
776,02-07-2023,Frankie,Fastfood,50,10,500,Cash,M,Midnight
777,10/23/2022,Panipuri,Fastfood,20,13,260,Cash,M,Morning
778,06-11-2022,Frankie,Fastfood,50,13,650,Cash,M,Evening
779,1/16/2023,Sandwich,Fastfood,60,13,780,,M,Night
780,11/27/2022,Sugarcane juice,Beverages,25,13,325,Online,F,Afternoon
781,5/27/2022,Aalopuri,Fastfood,20,10,200,Online,M,Midnight
782,12/16/2022,Aalopuri,Fastfood,20,5,100,Online,M,Night
783,4/29/2022,Aalopuri,Fastfood,20,8,160,Cash,M,Morning
784,07-09-2022,Vadapav,Fastfood,20,8,160,Cash,F,Morning
785,12-07-2022,Aalopuri,Fastfood,20,2,40,Online,M,Afternoon
786,3/13/2023,Sandwich,Fastfood,60,14,840,Online,F,Night
787,3/25/2023,Aalopuri,Fastfood,20,2,40,Cash,F,Afternoon
788,8/13/2022,Sugarcane juice,Beverages,25,7,175,Online,M,Afternoon
789,08-03-2022,Sugarcane juice,Beverages,25,7,175,Cash,M,Morning
790,7/20/2022,Panipuri,Fastfood,20,3,60,Cash,F,Evening
791,04-07-2022,Vadapav,Fastfood,20,3,60,,M,Midnight
792,2/25/2023,Vadapav,Fastfood,20,2,40,Cash,F,Morning
793,8/30/2022,Sandwich,Fastfood,60,6,360,Cash,F,Night
794,10-02-2022,Sugarcane juice,Beverages,25,5,125,Online,M,Afternoon
795,01-10-2023,Vadapav,Fastfood,20,9,180,Cash,M,Evening
796,6/25/2022,Sugarcane juice,Beverages,25,14,350,Online,M,Night
797,11/26/2022,Cold coffee,Beverages,40,11,440,Cash,M,Night
798,5/22/2022,Frankie,Fastfood,50,12,600,,M,Night
799,01-11-2023,Panipuri,Fastfood,20,1,20,Online,F,Night
800,11-06-2022,Cold coffee,Beverages,40,14,560,Cash,M,Night
801,4/28/2022,Aalopuri,Fastfood,20,7,140,Cash,F,Evening
802,1/23/2023,Sandwich,Fastfood,60,7,420,Online,F,Afternoon
803,8/27/2022,Vadapav,Fastfood,20,5,100,,M,Night
804,10-11-2022,Cold coffee,Beverages,40,12,480,Online,F,Night
805,05-08-2022,Sugarcane juice,Beverages,25,1,25,Online,M,Afternoon
806,5/23/2022,Vadapav,Fastfood,20,3,60,Online,M,Evening
807,6/13/2022,Frankie,Fastfood,50,1,50,Online,F,Midnight
808,9/21/2022,Panipuri,Fastfood,20,1,20,Online,M,Morning
809,12-12-2022,Panipuri,Fastfood,20,10,200,Online,M,Evening
810,12/27/2022,Vadapav,Fastfood,20,3,60,Online,M,Morning
811,03-02-2023,Aalopuri,Fastfood,20,13,260,Cash,M,Afternoon
812,08-08-2022,Panipuri,Fastfood,20,5,100,Cash,M,Afternoon
813,10/13/2022,Panipuri,Fastfood,20,10,200,Online,M,Afternoon
814,10-05-2022,Vadapav,Fastfood,20,13,260,Cash,F,Midnight
815,4/20/2022,Cold coffee,Beverages,40,12,480,Online,F,Afternoon
816,01-11-2023,Sugarcane juice,Beverages,25,11,275,Cash,M,Morning
817,5/21/2022,Aalopuri,Fastfood,20,12,240,Cash,F,Evening
818,2/28/2023,Frankie,Fastfood,50,6,300,Cash,M,Night
819,10-12-2022,Vadapav,Fastfood,20,10,200,Cash,M,Evening
820,2/24/2023,Aalopuri,Fastfood,20,3,60,,M,Midnight
821,7/24/2022,Aalopuri,Fastfood,20,12,240,Cash,F,Midnight
822,6/17/2022,Panipuri,Fastfood,20,12,240,Online,M,Morning
823,2/13/2023,Panipuri,Fastfood,20,11,220,Online,M,Midnight
824,1/18/2023,Vadapav,Fastfood,20,2,40,Online,F,Evening
825,10/30/2022,Panipuri,Fastfood,20,14,280,Cash,F,Morning
826,12-02-2022,Sandwich,Fastfood,60,15,900,Cash,F,Night
827,01-06-2023,Sandwich,Fastfood,60,12,720,Cash,M,Midnight
828,8/18/2022,Panipuri,Fastfood,20,6,120,Cash,M,Evening
829,9/19/2022,Cold coffee,Beverages,40,6,240,Cash,M,Night
830,11/28/2022,Cold coffee,Beverages,40,9,360,,M,Night
831,08-01-2022,Frankie,Fastfood,50,5,250,Online,F,Morning
832,06-06-2022,Sugarcane juice,Beverages,25,4,100,Cash,M,Morning
833,09-01-2022,Panipuri,Fastfood,20,2,40,Online,F,Evening
834,5/25/2022,Sugarcane juice,Beverages,25,14,350,Cash,M,Evening
835,9/27/2022,Sugarcane juice,Beverages,25,7,175,Online,M,Afternoon
836,8/31/2022,Vadapav,Fastfood,20,2,40,Cash,F,Midnight
837,5/19/2022,Aalopuri,Fastfood,20,7,140,Cash,M,Midnight
838,7/31/2022,Cold coffee,Beverages,40,9,360,Online,F,Morning
839,05-08-2022,Sugarcane juice,Beverages,25,4,100,Cash,F,Afternoon
840,2/18/2023,Cold coffee,Beverages,40,15,600,,F,Midnight
841,02-03-2023,Vadapav,Fastfood,20,9,180,Cash,M,Night
842,5/25/2022,Panipuri,Fastfood,20,2,40,Cash,F,Evening
843,07-04-2022,Sugarcane juice,Beverages,25,1,25,Cash,F,Morning
844,05-04-2022,Sugarcane juice,Beverages,25,13,325,Cash,M,Morning
845,07-01-2022,Cold coffee,Beverages,40,6,240,Online,F,Evening
846,4/20/2022,Aalopuri,Fastfood,20,5,100,Online,M,Afternoon
847,8/14/2022,Panipuri,Fastfood,20,11,220,Online,M,Midnight
848,11-10-2022,Frankie,Fastfood,50,9,450,Cash,M,Night
849,11-03-2022,Cold coffee,Beverages,40,10,400,Cash,F,Night
850,8/20/2022,Vadapav,Fastfood,20,3,60,Online,F,Afternoon
851,1/28/2023,Aalopuri,Fastfood,20,15,300,Online,F,Night
852,05-05-2022,Sugarcane juice,Beverages,25,8,200,Online,M,Night
853,2/17/2023,Cold coffee,Beverages,40,3,120,Online,F,Midnight
854,10/14/2022,Cold coffee,Beverages,40,14,560,Online,F,Night
855,10/23/2022,Vadapav,Fastfood,20,5,100,Online,M,Evening
856,05-04-2022,Aalopuri,Fastfood,20,11,220,Cash,F,Night
857,11-08-2022,Sugarcane juice,Beverages,25,14,350,Online,F,Evening
858,11/22/2022,Cold coffee,Beverages,40,9,360,Cash,M,Evening
859,10-08-2022,Sandwich,Fastfood,60,11,660,Cash,F,Midnight
860,7/16/2022,Cold coffee,Beverages,40,5,200,Cash,M,Night
861,1/24/2023,Sugarcane juice,Beverages,25,8,200,Cash,F,Night
862,03-10-2023,Frankie,Fastfood,50,7,350,Online,M,Night
863,09-08-2022,Frankie,Fastfood,50,9,450,Online,M,Night
864,8/20/2022,Cold coffee,Beverages,40,9,360,Online,M,Morning
865,1/23/2023,Sugarcane juice,Beverages,25,6,150,Cash,F,Night
866,8/13/2022,Frankie,Fastfood,50,10,500,Online,M,Midnight
867,1/26/2023,Frankie,Fastfood,50,15,750,Cash,M,Midnight
868,8/17/2022,Aalopuri,Fastfood,20,13,260,Cash,F,Evening
869,6/26/2022,Panipuri,Fastfood,20,9,180,Online,M,Midnight
870,10/31/2022,Cold coffee,Beverages,40,5,200,Online,F,Afternoon
871,12-07-2022,Vadapav,Fastfood,20,14,280,,F,Evening
872,7/14/2022,Sandwich,Fastfood,60,12,720,Cash,M,Afternoon
873,05-09-2022,Sugarcane juice,Beverages,25,1,25,Online,M,Night
874,05-09-2022,Cold coffee,Beverages,40,4,160,Cash,M,Midnight
875,08-05-2022,Vadapav,Fastfood,20,15,300,Cash,M,Evening
876,06-10-2022,Cold coffee,Beverages,40,8,320,Online,F,Evening
877,10/27/2022,Sugarcane juice,Beverages,25,14,350,Cash,F,Afternoon
878,08-12-2022,Sandwich,Fastfood,60,6,360,Online,M,Evening
879,11-06-2022,Cold coffee,Beverages,40,9,360,Cash,F,Evening
880,6/25/2022,Sugarcane juice,Beverages,25,5,125,Cash,F,Morning
881,5/25/2022,Sandwich,Fastfood,60,2,120,Cash,M,Midnight
882,4/23/2022,Panipuri,Fastfood,20,9,180,Online,M,Morning
883,8/24/2022,Aalopuri,Fastfood,20,5,100,Online,F,Midnight
884,03-01-2023,Vadapav,Fastfood,20,12,240,Online,M,Night
885,10/16/2022,Sugarcane juice,Beverages,25,4,100,Cash,M,Evening
886,7/21/2022,Sugarcane juice,Beverages,25,4,100,Cash,F,Night
887,10/24/2022,Aalopuri,Fastfood,20,3,60,Cash,M,Morning
888,09-05-2022,Vadapav,Fastfood,20,8,160,Cash,M,Evening
889,04-12-2022,Vadapav,Fastfood,20,10,200,Online,M,Midnight
890,03-03-2023,Sugarcane juice,Beverages,25,5,125,Cash,F,Morning
891,12/27/2022,Cold coffee,Beverages,40,11,440,Cash,M,Midnight
892,7/14/2022,Sugarcane juice,Beverages,25,7,175,Online,F,Evening
893,7/13/2022,Sugarcane juice,Beverages,25,12,300,Cash,F,Afternoon
894,3/19/2023,Sandwich,Fastfood,60,15,900,Cash,M,Morning
895,01-03-2023,Sugarcane juice,Beverages,25,11,275,Cash,M,Afternoon
896,10/30/2022,Aalopuri,Fastfood,20,13,260,Cash,M,Night
897,8/22/2022,Aalopuri,Fastfood,20,6,120,Online,M,Morning
898,03-02-2023,Frankie,Fastfood,50,8,400,Cash,M,Afternoon
899,1/24/2023,Aalopuri,Fastfood,20,7,140,Cash,M,Midnight
900,12-07-2022,Sugarcane juice,Beverages,25,9,225,Online,M,Afternoon
901,12/24/2022,Vadapav,Fastfood,20,7,140,Online,F,Morning
902,11/23/2022,Frankie,Fastfood,50,4,200,Online,M,Afternoon
903,01-01-2023,Aalopuri,Fastfood,20,15,300,Online,M,Night
904,03-12-2023,Aalopuri,Fastfood,20,4,80,Cash,F,Midnight
905,12/13/2022,Frankie,Fastfood,50,15,750,Cash,F,Midnight
906,04-04-2022,Sandwich,Fastfood,60,15,900,Cash,M,Afternoon
907,10/19/2022,Cold coffee,Beverages,40,4,160,,F,Midnight
908,03-06-2023,Sandwich,Fastfood,60,7,420,Cash,F,Night
909,2/21/2023,Cold coffee,Beverages,40,12,480,Online,F,Morning
910,10-09-2022,Panipuri,Fastfood,20,1,20,Cash,F,Afternoon
911,04-09-2022,Sandwich,Fastfood,60,1,60,Cash,M,Evening
912,9/17/2022,Aalopuri,Fastfood,20,6,120,Cash,M,Evening
913,2/15/2023,Frankie,Fastfood,50,15,750,Online,M,Evening
914,03-01-2023,Sandwich,Fastfood,60,14,840,Cash,M,Night
915,10-07-2022,Cold coffee,Beverages,40,7,280,Online,M,Afternoon
916,11/17/2022,Cold coffee,Beverages,40,15,600,,F,Afternoon
917,5/15/2022,Vadapav,Fastfood,20,15,300,Online,M,Evening
918,11-12-2022,Panipuri,Fastfood,20,6,120,Cash,M,Evening
919,01-03-2023,Vadapav,Fastfood,20,8,160,Online,F,Evening
920,07-12-2022,Frankie,Fastfood,50,13,650,Online,M,Evening
921,9/21/2022,Vadapav,Fastfood,20,14,280,Cash,M,Midnight
922,6/13/2022,Frankie,Fastfood,50,5,250,Online,F,Evening
923,5/30/2022,Cold coffee,Beverages,40,3,120,Online,M,Morning
924,12/17/2022,Panipuri,Fastfood,20,14,280,Cash,M,Afternoon
925,04-10-2022,Frankie,Fastfood,50,4,200,Online,F,Afternoon
926,2/27/2023,Frankie,Fastfood,50,15,750,Cash,F,Afternoon
927,12-02-2022,Cold coffee,Beverages,40,6,240,,F,Evening
928,04-07-2022,Sandwich,Fastfood,60,11,660,Online,M,Evening
929,06-06-2022,Frankie,Fastfood,50,9,450,Online,F,Night
930,11/27/2022,Sugarcane juice,Beverages,25,10,250,Online,M,Night
931,6/26/2022,Aalopuri,Fastfood,20,15,300,Cash,M,Afternoon
932,10/18/2022,Sandwich,Fastfood,60,9,540,Online,M,Afternoon
933,1/21/2023,Sugarcane juice,Beverages,25,15,375,Online,F,Afternoon
934,9/19/2022,Cold coffee,Beverages,40,4,160,Cash,F,Afternoon
935,2/17/2023,Sandwich,Fastfood,60,12,720,Cash,M,Midnight
936,08-10-2022,Panipuri,Fastfood,20,2,40,,M,Midnight
937,6/22/2022,Panipuri,Fastfood,20,4,80,Cash,M,Night
938,08-10-2022,Sugarcane juice,Beverages,25,14,350,Cash,M,Evening
939,2/19/2023,Vadapav,Fastfood,20,15,300,Online,M,Midnight
940,02-07-2023,Sugarcane juice,Beverages,25,14,350,Online,F,Midnight
941,02-10-2023,Cold coffee,Beverages,40,10,400,Online,F,Morning
942,7/20/2022,Frankie,Fastfood,50,6,300,Cash,M,Night
943,6/30/2022,Vadapav,Fastfood,20,6,120,Cash,F,Night
944,05-12-2022,Aalopuri,Fastfood,20,2,40,Cash,M,Midnight
945,5/15/2022,Cold coffee,Beverages,40,2,80,Online,F,Afternoon
946,2/21/2023,Sandwich,Fastfood,60,8,480,Cash,M,Midnight
947,8/16/2022,Aalopuri,Fastfood,20,11,220,Online,M,Night
948,1/16/2023,Sandwich,Fastfood,60,10,600,Online,M,Evening
949,01-07-2023,Panipuri,Fastfood,20,1,20,Cash,F,Evening
950,9/25/2022,Frankie,Fastfood,50,6,300,Online,F,Evening
951,11-11-2022,Panipuri,Fastfood,20,11,220,Cash,F,Afternoon
952,9/24/2022,Aalopuri,Fastfood,20,14,280,Cash,F,Evening
953,11-10-2022,Sandwich,Fastfood,60,2,120,Online,F,Afternoon
954,1/31/2023,Aalopuri,Fastfood,20,3,60,Cash,F,Midnight
955,1/27/2023,Sugarcane juice,Beverages,25,7,175,Online,M,Afternoon
956,4/30/2022,Frankie,Fastfood,50,13,650,Online,M,Morning
957,02-08-2023,Panipuri,Fastfood,20,3,60,Online,F,Midnight
958,5/22/2022,Sandwich,Fastfood,60,11,660,Online,F,Night
959,11/28/2022,Vadapav,Fastfood,20,8,160,Online,F,Midnight
960,08-12-2022,Sugarcane juice,Beverages,25,15,375,Online,F,Evening
961,3/14/2023,Frankie,Fastfood,50,13,650,Cash,M,Night
962,5/18/2022,Frankie,Fastfood,50,13,650,Online,F,Afternoon
963,10-05-2022,Vadapav,Fastfood,20,6,120,Cash,F,Morning
964,05-07-2022,Cold coffee,Beverages,40,8,320,Cash,M,Evening
965,10-08-2022,Frankie,Fastfood,50,5,250,Online,F,Night
966,3/19/2023,Panipuri,Fastfood,20,11,220,Online,F,Morning
967,6/29/2022,Cold coffee,Beverages,40,14,560,Cash,M,Afternoon
968,08-09-2022,Cold coffee,Beverages,40,15,600,Cash,F,Morning
969,11-06-2022,Cold coffee,Beverages,40,11,440,Cash,M,Morning
970,11/21/2022,Aalopuri,Fastfood,20,5,100,Online,F,Afternoon
971,10-02-2022,Frankie,Fastfood,50,2,100,Cash,F,Morning
972,03-11-2023,Aalopuri,Fastfood,20,1,20,Cash,F,Afternoon
973,06-07-2022,Sugarcane juice,Beverages,25,1,25,,F,Morning
974,1/28/2023,Vadapav,Fastfood,20,13,260,Online,M,Afternoon
975,1/15/2023,Aalopuri,Fastfood,20,1,20,Cash,M,Midnight
976,4/17/2022,Sugarcane juice,Beverages,25,11,275,,F,Morning
977,01-05-2023,Aalopuri,Fastfood,20,1,20,Cash,M,Evening
978,10-08-2022,Frankie,Fastfood,50,2,100,Online,M,Night
979,5/21/2022,Aalopuri,Fastfood,20,13,260,Cash,F,Midnight
980,6/20/2022,Vadapav,Fastfood,20,9,180,Online,M,Morning
981,1/22/2023,Panipuri,Fastfood,20,15,300,Online,M,Midnight
982,3/30/2023,Sugarcane juice,Beverages,25,14,350,Cash,F,Night
983,3/17/2023,Cold coffee,Beverages,40,10,400,,F,Night
984,01-07-2023,Frankie,Fastfood,50,3,150,Cash,M,Afternoon
985,6/14/2022,Frankie,Fastfood,50,1,50,Cash,F,Afternoon
986,4/30/2022,Sugarcane juice,Beverages,25,13,325,Online,M,Night
987,01-04-2023,Vadapav,Fastfood,20,3,60,Cash,F,Evening
988,01-03-2023,Frankie,Fastfood,50,13,650,,F,Night
989,10-11-2022,Cold coffee,Beverages,40,13,520,Cash,M,Afternoon
990,11/24/2022,Vadapav,Fastfood,20,10,200,Online,F,Morning
991,1/18/2023,Sandwich,Fastfood,60,7,420,Cash,F,Night
992,10/21/2022,Sandwich,Fastfood,60,5,300,Cash,M,Morning
993,7/17/2022,Frankie,Fastfood,50,3,150,Online,F,Night
994,11-01-2022,Panipuri,Fastfood,20,2,40,Online,F,Evening
995,6/18/2022,Sugarcane juice,Beverages,25,1,25,Online,M,Night
996,3/19/2023,Frankie,Fastfood,50,10,500,,F,Evening
997,9/20/2022,Sandwich,Fastfood,60,7,420,,M,Evening
998,1/26/2023,Sandwich,Fastfood,60,13,780,,M,Evening
999,8/27/2022,Panipuri,Fastfood,20,5,100,,F,Afternoon
1000,5/29/2022,Aalopuri,Fastfood,20,3,60,Online,F,Midnight
